Datum;vodostaj (cm);pretok (m3/s);temp. vode (°C);transport suspend. materiala (kg/s);vsebnost suspend. materiala (g/m3);motnost vode (NTU)
01.01.2023;67;60.373;4.5;1.668;27.625;21.291
02.01.2023;67;60.161;4.4;1.624;26.986;20.84
03.01.2023;68;62.297;4.5;1.517;24.345;18.964
04.01.2023;70;65.447;4.9;1.422;21.72;17.082
05.01.2023;70;66.03;5;1.379;20.88;16.476
06.01.2023;67;60.593;5.5;1.399;23.086;18.064
07.01.2023;69;64.041;5.3;1.282;20.026;15.858
08.01.2023;67;61.067;5.3;1.171;19.181;15.244
09.01.2023;67;61.571;5.8;1.205;19.569;15.526
10.01.2023;72;69.441;5.8;1.478;21.287;16.77
11.01.2023;70;66.724;5.1;1.239;18.564;14.795
12.01.2023;68;61.859;5.3;1.154;18.653;14.86
13.01.2023;67;61.354;5.1;1.09;17.772;14.217
14.01.2023;68;62.284;4.9;1.003;16.105;12.994
15.01.2023;66;59.81;5.3;0.883;14.765;12.005
16.01.2023;74;73.681;4.8;1.58;21.445;16.884
17.01.2023;87;97.572;4.5;2.132;21.853;17.178
18.01.2023;92;108.518;4.6;2.244;20.678;16.33
19.01.2023;93;110.031;4.7;1.576;14.319;11.674
20.01.2023;91;106.165;4.5;1.28;12.055;9.988
21.01.2023;81;85.761;4.1;0.835;9.74;8.247
22.01.2023;76;77.335;4;0.823;10.639;8.925
23.01.2023;79;84.125;4.1;1.223;14.54;11.838
24.01.2023;193;343.624;4;72.023;209.597;127.828
25.01.2023;143;225.621;4.4;30.97;137.266;88.942
26.01.2023;109;145.048;4.7;6.109;42.116;31.273
27.01.2023;96;116.099;4.6;2.55;21.968;17.261
28.01.2023;87;98.743;4.5;1.519;15.382;12.461
29.01.2023;81;86.186;4.3;1.127;13.074;10.749
30.01.2023;78;81.098;4;0.967;11.925;9.891
31.01.2023;76;77.135;4;0.859;11.132;9.296
01.02.2023;75;75.12;4;0.792;10.54;8.851
02.02.2023;75;75.138;4.3;0.806;10.732;8.995
03.02.2023;77;79.073;4.7;0.817;10.329;8.692
04.02.2023;82;88.605;4.5;0.858;9.685;8.206
05.02.2023;81;86.209;4;0.808;9.372;7.969
06.02.2023;76;77.525;3.5;0.673;8.683;7.447
07.02.2023;76;76.007;2.8;0.623;8.192;7.074
08.02.2023;72;69.546;2.6;0.57;8.194;7.075
09.02.2023;71;67.18;2.3;0.566;8.42;7.247
10.02.2023;70;66.145;2.2;0.547;8.271;7.134
11.02.2023;68;62.277;2.4;0.48;7.713;6.709
12.02.2023;67;61.36;3.2;0.448;7.3;6.394
13.02.2023;69;64.984;3.3;0.495;7.611;6.631
14.02.2023;70;65.347;3.4;0.485;7.417;6.483
15.02.2023;70;65.649;3.8;0.467;7.116;6.253
16.02.2023;71;67.012;3.7;0.481;7.172;6.296
17.02.2023;72;68.864;4.5;0.476;6.91;6.096
18.02.2023;75;74.65;5.2;0.478;6.401;5.706
19.02.2023;95;114.752;5.5;0.699;6.094;5.47
20.02.2023;110;148.028;5.8;0.945;6.386;5.694
21.02.2023;105;137.724;6.3;0.875;6.354;5.67
22.02.2023;104;134.806;6.4;1.512;11.214;9.358
23.02.2023;103;133.116;6.4;1.281;9.622;8.158
24.02.2023;99;124.186;6.4;1.008;8.12;7.019
25.02.2023;97;119.035;6.4;0.984;8.266;7.13
26.02.2023;97;119.402;6.2;1.053;8.819;7.55
27.02.2023;93;110.365;5.8;0.926;8.387;7.222
28.02.2023;90;103.765;5.5;0.785;7.562;6.594
01.03.2023;87;97.18;5.1;1.04;10.7;8.971
02.03.2023;87;97.315;5.2;1.175;12.07;9.999
03.03.2023;87;97.492;5.7;1.29;13.232;10.867
04.03.2023;84;92.81;6;1.145;12.333;10.196
05.03.2023;82;87.068;6.3;0.927;10.646;8.931
06.03.2023;81;86.351;6.4;0.812;9.402;7.992
07.03.2023;82;87.417;6.6;0.836;9.568;8.117
08.03.2023;80;84.151;7;0.873;10.369;8.722
09.03.2023;78;80.578;7.4;0.902;11.194;9.343
10.03.2023;80;84.693;7.6;0.987;11.648;9.683
11.03.2023;81;86.111;7.7;0.978;11.362;9.469
12.03.2023;80;83.24;7.5;0.871;10.466;8.795
13.03.2023;78;79.449;7.8;0.781;9.832;8.317
14.03.2023;76;76.96;8.5;0.704;9.147;7.799
15.03.2023;79;82.133;8.2;0.804;9.789;8.284
16.03.2023;81;85.236;7.7;0.878;10.301;8.671
17.03.2023;78;80.237;7.3;0.795;9.908;8.374
18.03.2023;77;78.375;7.5;0.722;9.207;7.844
19.03.2023;77;78.689;8;0.711;9.035;7.714
20.03.2023;79;82.394;8.4;0.759;9.209;7.846
21.03.2023;80;85.071;9.2;0.807;9.488;8.057
22.03.2023;81;85.294;9.7;0.825;9.667;8.192
23.03.2023;81;86.792;10.5;0.902;10.39;8.738
24.03.2023;85;93.538;11.1;1.017;10.872;9.101
25.03.2023;95;114.416;10.9;1.869;16.331;13.16
26.03.2023;103;132.96;10.5;3.221;24.226;18.879
27.03.2023;118;166.214;10;12.931;77.795;54.199
28.03.2023;104;135.146;8.9;4.664;34.508;26.09
29.03.2023;94;112.235;8;1.911;17.028;13.672
30.03.2023;91;107.025;8;1.453;13.578;11.124
31.03.2023;95;114.909;8.3;1.447;12.594;10.391
01.04.2023;105;136.687;8.6;2.234;16.341;13.167
02.04.2023;102;131.061;9;2.198;16.773;13.485
03.04.2023;99;123.63;9;2.013;16.285;13.126
04.04.2023;97;118.033;8.4;1.686;14.282;11.647
05.04.2023;94;112.61;8.2;1.466;13.022;10.71
06.04.2023;91;106.472;8.1;1.255;11.784;9.785
07.04.2023;89;101.139;8.1;1.079;10.666;8.946
08.04.2023;87;97.492;8;1.017;10.429;8.767
09.04.2023;87;97.819;8.1;0.978;9.998;8.442
10.04.2023;86;95.713;8.5;0.922;9.628;8.163
11.04.2023;84;91.236;8.9;0.825;9.042;7.719
12.04.2023;84;92.896;9.6;0.82;8.832;7.56
13.04.2023;89;102.337;9.7;1.385;13.531;11.089
14.04.2023;177;306.135;8.8;147.505;481.829;254.4
15.04.2023;154;250.681;8.5;42.311;168.783;106.216
16.04.2023;122;176.039;8.7;8.587;48.78;35.717
17.04.2023;109;144.94;8.9;3.522;24.303;18.934
18.04.2023;105;136.116;9.2;2.457;18.049;14.419
19.04.2023;107;142.583;10;2.674;18.756;14.935
20.04.2023;119;168.461;10.7;5.109;30.33;23.19
21.04.2023;114;158.139;11;4.935;31.208;23.803
22.04.2023;112;151.944;11.1;4.812;31.671;24.125
23.04.2023;111;150.407;11.7;3.819;25.391;19.709
24.04.2023;120;171.026;11.7;4.789;28.004;21.558
25.04.2023;129;192.647;11.9;9.958;51.689;37.631
26.04.2023;121;173.478;11.5;7.035;40.555;30.219
27.04.2023;116;161.268;11;4.601;28.528;21.927
28.04.2023;109;147.052;10.9;3.445;23.43;18.31
29.04.2023;109;145.793;11.2;3.061;20.993;16.558
30.04.2023;115;159.432;11.7;3.445;21.605;16.999
01.05.2023;120;171.982;12;4.65;27.039;20.877
02.05.2023;122;177.66;12.1;5.421;30.511;23.317
03.05.2023;135;206.584;11.6;9.427;45.633;33.629
04.05.2023;132;199.749;11.6;9.021;45.162;33.315
05.05.2023;128;191.102;12;7.578;39.654;29.609
06.05.2023;128;190.788;12.6;9.677;50.721;36.996
07.05.2023;137;212.659;13.5;18.446;86.74;59.658
08.05.2023;161;267.06;13.2;46.957;175.828;110
09.05.2023;153;247.35;12.2;26.601;107.543;72.002
10.05.2023;150;241.899;12.1;23.746;98.163;66.493
11.05.2023;151;243.018;11.5;24.088;99.122;67.06
12.05.2023;228;428.162;10.8;237.33;554.299;287.281
13.05.2023;212;388.508;10;92.077;237.002;141.998
14.05.2023;242;472.51;10.1;197.409;417.788;225.543
15.05.2023;269;546.789;10.8;246.197;450.26;240.152
16.05.2023;240;465.447;10.8;143.513;308.333;176.647
17.05.2023;371;910.075;10.6;1226.858;1348.084;664.358
18.05.2023;274;561.195;9.9;412.102;734.33;370.027
19.05.2023;229;432.187;10.3;91.378;211.432;128.784
20.05.2023;207;378.16;11.1;39.921;105.567;70.849
21.05.2023;202;365.578;12;33.221;90.872;62.147
22.05.2023;197;351.345;12.9;23.432;66.693;47.278
23.05.2023;199;356.197;13.3;25.591;71.845;50.511
24.05.2023;202;365.345;12.8;60.841;166.529;105
25.05.2023;218;403.216;12.8;60.105;149.065;95.481
26.05.2023;202;364.51;13.4;49.374;135.454;87.929
27.05.2023;192;338.598;13.8;34.006;100.431;67.833
28.05.2023;182;316.115;14;24.298;76.865;53.626
29.05.2023;174;297.692;14.2;17.917;60.188;43.14
30.05.2023;168;283.408;14.2;14.025;49.487;36.184
31.05.2023;161;267.34;13.9;11.296;42.253;31.365
01.06.2023;153;248.896;14.3;9.62;38.65;28.927
02.06.2023;152;245.248;14.6;8.854;36.103;27.187
03.06.2023;148;236.081;14.6;7.988;33.837;25.627
04.06.2023;147;235.043;14.8;9.507;40.447;30.146
05.06.2023;168;283.637;14.5;107.262;378.167;207.782
06.06.2023;186;326.093;13.8;47.059;144.312;92.858
07.06.2023;193;341.638;14;137.769;403.259;219.022
08.06.2023;170;287.321;14.2;29.145;101.437;68.426
09.06.2023;178;305.825;14.9;67.737;221.489;134.004
10.06.2023;167;280.529;15.2;89.008;317.287;180.627
11.06.2023;172;291.35;15.3;130.956;449.481;239.801
12.06.2023;159;262.606;15.3;26.878;102.35;68.963
13.06.2023;149;238.657;15.8;10.175;42.633;31.621
14.06.2023;141;219.76;15.7;8.101;36.865;27.709
15.06.2023;141;221.475;15.4;7.22;32.599;24.77
16.06.2023;133;201.584;15.5;5.707;28.309;21.773
17.06.2023;129;193.131;15.6;4.292;22.224;17.445
18.06.2023;122;176.074;15.9;3.285;18.655;14.861
19.06.2023;118;166.762;16.5;2.805;16.82;13.519
20.06.2023;118;167.552;17.4;2.788;16.641;13.388
21.06.2023;115;160.875;18.2;2.446;15.202;12.328
22.06.2023;121;174.641;19.2;3.04;17.406;13.949
23.06.2023;131;198.027;19.5;37.541;189.577;117.316
24.06.2023;157;258.154;18.4;119.565;463.152;245.965
25.06.2023;132;200.235;17.5;19.324;96.509;65.512
26.06.2023;120;172.09;17.6;5.975;34.721;26.237
27.06.2023;118;165.897;17.2;5.069;30.556;23.348
28.06.2023;118;166.775;17.4;7.104;42.598;31.597
29.06.2023;115;160.891;18;4.716;29.311;22.477
30.06.2023;106;140.149;18.1;3.119;22.253;17.466
01.07.2023;117;165.03;18;10.306;62.452;44.588
02.07.2023;121;173.89;18.2;10.87;62.512;44.626
03.07.2023;111;149.93;17.5;9.747;65.01;46.214
04.07.2023;111;150.535;17.2;16.452;109.292;73.02
05.07.2023;114;158.383;17.8;7.396;46.697;34.337
06.07.2023;126;185.302;17.8;12.21;65.892;46.772
07.07.2023;129;193.499;17.9;17.969;92.864;63.34
08.07.2023;116;162.774;18.2;23.461;144.131;92.758
09.07.2023;108;143.141;19;8.746;61.098;43.723
10.07.2023;105;136.805;19.8;5.078;37.115;27.88
11.07.2023;100;126.331;20.4;3.363;26.617;20.579
12.07.2023;99;123.263;21;3.021;24.506;19.079
13.07.2023;123;178.092;20.4;24.252;136.175;88.332
14.07.2023;145;230.606;19.9;84.867;368.016;203.243
15.07.2023;119;168.869;20.1;13.972;82.738;57.228
16.07.2023;106;138.218;20.6;5.651;40.887;30.444
17.07.2023;104;135.098;21.1;4.57;33.828;25.621
18.07.2023;106;138.333;21.6;5.335;38.565;28.869
19.07.2023;116;163.137;21.3;10.225;62.675;44.73
20.07.2023;113;154.187;21.1;6.631;43.007;31.872
21.07.2023;122;176.639;20.1;22.374;126.666;82.983
22.07.2023;148;236.242;18.9;82.789;350.441;195.395
23.07.2023;143;225.145;18.6;51.34;228.03;137.383
24.07.2023;121;173.682;18.7;9.893;56.962;41.063
25.07.2023;155;252.824;18.2;98.344;388.982;212.623
26.07.2023;184;320.406;17.9;113.912;355.524;197.663
27.07.2023;148;236.458;17.4;17.805;75.299;52.658
28.07.2023;130;195.531;17.3;8.664;44.309;32.745
29.07.2023;124;180.745;17.8;7.674;42.46;31.504
30.07.2023;130;196.273;18.3;8.753;44.598;32.938
31.07.2023;132;200.29;18.6;22.934;114.505;76.037
01.08.2023;122;175.948;18.5;9.059;51.484;37.497
02.08.2023;173;293.795;17.7;39.15;133.255;86.697
03.08.2023;154;249.178;16.9;31.324;125.708;82.44
04.08.2023;356;906.669;16.5;764.133;842.792;420.632
05.08.2023;470;1361.829;16.2;677.161;497.244;261.374
06.08.2023;477;1397.811;15.4;793.465;567.648;293.364
07.08.2023;339;791.717;14.4;278.119;351.286;195.772
08.08.2023;259;514.634;13.7;81.335;158.045;100.398
09.08.2023;225;422.452;13.6;34.099;80.718;55.994
10.08.2023;210;383.782;13.8;18.405;47.956;35.172
11.08.2023;194;343.935;14.4;12.415;36.098;27.183
12.08.2023;178;306.416;15;8.582;28.008;21.561
13.08.2023;165;274.944;16;5.707;20.758;16.388
14.08.2023;156;254.573;16.9;4.351;17.09;13.717
15.08.2023;148;236.377;17.6;3.299;13.956;11.405
16.08.2023;142;223.516;18.1;2.81;12.571;10.374
17.08.2023;140;218.88;18.3;2.835;12.951;10.657
18.08.2023;137;212.331;18.3;2.83;13.329;10.939
19.08.2023;133;201.79;18.4;4.266;21.142;16.665
20.08.2023;125;183.166;18.9;2.456;13.407;10.997
21.08.2023;121;173.972;19.4;1.714;9.852;8.332
22.08.2023;117;165.577;19.6;1.46;8.816;7.548
23.08.2023;112;154.089;19.8;1.405;9.12;7.778
24.08.2023;114;157.372;19.9;1.514;9.618;8.155
25.08.2023;110;148.008;20.3;1.604;10.839;9.076
26.08.2023;113;156.366;20.6;1.759;11.252;9.386
27.08.2023;106;140.108;20.9;1.921;13.708;11.221
28.08.2023;104;133.973;20.8;1.604;11.969;9.924
29.08.2023;159;262.454;19.5;11.719;44.65;32.973
30.08.2023;219;407.378;16.8;90.217;221.458;133.988
31.08.2023;168;283.646;16;24.892;87.756;60.272
01.09.2023;147;235.17;16;8.235;35.016;26.44
02.09.2023;135;207.913;16.2;4.437;21.343;16.81
03.09.2023;128;190.7;16.6;3.143;16.483;13.272
04.09.2023;125;183.764;17;3.596;19.57;15.527
05.09.2023;118;167.366;16.9;2.809;16.784;13.493
06.09.2023;114;158.143;16.9;2.484;15.71;12.703
07.09.2023;110;149.265;16.9;2.27;15.206;12.331
08.09.2023;107;141.416;16.9;2.089;14.772;12.01
09.09.2023;103;133.117;17.1;1.697;12.751;10.508
10.09.2023;102;129.105;17.2;1.743;13.501;11.067
11.09.2023;100;126.318;17.4;1.85;14.648;11.918
12.09.2023;99;123.84;17.8;1.995;16.112;12.999
13.09.2023;97;119.404;18;1.89;15.828;12.79
14.09.2023;104;134.41;18;2.106;15.667;12.671
15.09.2023;100;125.951;18;2.126;16.881;13.564
16.09.2023;96;117.962;17.7;2.106;17.853;14.276
17.09.2023;93;110.721;17.6;2.024;18.284;14.591
18.09.2023;91;106.843;17.6;2.049;19.174;15.239
19.09.2023;93;110.986;17.9;2.194;19.766;15.669
20.09.2023;93;109.749;17.8;1.987;18.105;14.46
21.09.2023;91;106.563;18;2.123;19.92;15.781
22.09.2023;89;102.012;18;2.364;23.171;18.125
23.09.2023;98;120.596;17.3;3.032;25.141;19.531
24.09.2023;97;118.183;16.3;4.551;38.512;28.833
25.09.2023;92;108.063;15.7;2.69;24.897;19.358
26.09.2023;90;103.803;15.6;2.23;21.481;16.91
27.09.2023;89;102.421;15.6;2.017;19.698;15.62
28.09.2023;87;97.734;15.5;1.942;19.872;15.746
29.09.2023;85;94.055;15.5;1.981;21.059;16.605
30.09.2023;84;91.093;15.5;2.183;23.961;18.69
01.10.2023;84;91.005;15.7;2.119;23.287;18.208
02.10.2023;84;92.243;15.9;1.952;21.157;16.676
03.10.2023;82;87.485;16.1;1.88;21.491;16.917
04.10.2023;81;85.787;16.1;1.696;19.766;15.669
05.10.2023;82;87.665;15.8;1.63;18.597;14.819
06.10.2023;82;87.824;15.7;1.588;18.083;14.444
07.10.2023;80;84.116;15.5;1.623;19.291;15.324
08.10.2023;75;75.7;15.7;1.768;23.35;18.253
09.10.2023;77;78.923;15.2;1.878;23.799;18.574
10.10.2023;78;80.491;15.1;1.866;23.188;18.137
11.10.2023;78;80.869;14.9;2.36;29.187;22.39
12.10.2023;77;78.852;15;2.632;33.379;25.31
13.10.2023;76;76.226;15.1;2.442;32.039;24.381
14.10.2023;76;77.318;15.2;2.374;30.706;23.453
15.10.2023;77;77.928;14.8;2.36;30.29;23.162
16.10.2023;80;84.614;13.8;2.37;28.014;21.565
17.10.2023;78;80.565;12.9;2.292;28.45;21.872
18.10.2023;77;78.652;12.4;2.324;29.551;22.645
19.10.2023;76;76.086;12.1;2.315;30.43;23.26
20.10.2023;76;76.988;12.7;2.323;30.177;23.083
21.10.2023;76;77.526;12.8;2.289;29.529;22.63
22.10.2023;77;79.385;12.8;2.297;28.938;22.215
23.10.2023;76;76.537;12.6;2.237;29.227;22.418
24.10.2023;75;75.395;12.6;2.049;27.179;20.976
25.10.2023;87;98.389;13.5;2.252;22.888;17.922
26.10.2023;87;98.479;13.5;2.101;21.338;16.807
27.10.2023;100;128.669;13.2;3.474;26.998;20.848
28.10.2023;113;155.106;12.8;5.435;35.038;26.455
29.10.2023;91;106.257;12.2;2.41;22.679;17.772
30.10.2023;86;95.643;12.1;1.916;20.036;15.865
31.10.2023;95;116.439;12;2.384;20.478;16.185
01.11.2023;132;199.658;11.7;8.823;44.19;32.665
02.11.2023;104;134.207;11.5;2.974;22.163;17.401
03.11.2023;145;232.004;11.5;7.14;30.775;23.501
04.11.2023;207;377.427;10.3;27.008;71.559;50.333
05.11.2023;181;313.837;9.3;24.991;79.631;55.328
06.11.2023;171;289.724;9;14.876;51.345;37.406
07.11.2023;145;229.997;8.5;5.759;25.041;19.46
08.11.2023;133;202.401;8.3;4.115;20.331;16.079
09.11.2023;124;180.14;8.2;2.898;16.085;12.979
10.11.2023;119;169.319;8.2;2.409;14.227;11.606
11.11.2023;119;169.603;8.1;2.21;13.028;10.715
12.11.2023;114;157.569;7.6;1.879;11.924;9.89
13.11.2023;110;148.007;7.5;1.574;10.636;8.923
14.11.2023;106;138.603;7.7;1.425;10.284;8.658
15.11.2023;113;154.62;7.9;2.035;13.16;10.813
16.11.2023;123;177.747;7.8;2.35;13.219;10.857
17.11.2023;120;171.416;8.1;2.56;14.934;12.13
18.11.2023;114;156.604;7.5;2.812;17.954;14.35
19.11.2023;108;144.364;7.1;2.397;16.603;13.36
20.11.2023;111;150.145;6.6;2.208;14.705;11.96
21.11.2023;118;166.464;6.6;2.832;17.012;13.66
22.11.2023;110;148.11;6.8;1.677;11.324;9.44
23.11.2023;107;141.617;6.7;1.597;11.278;9.406
24.11.2023;105;136.119;6.5;1.224;8.989;7.679
25.11.2023;104;134.613;6.1;1.033;7.671;6.677
26.11.2023;102;129.103;5.2;0.766;5.933;5.347
27.11.2023;101;127.06;4.9;0.687;5.404;4.94
28.11.2023;101;127.437;5.1;0.696;5.465;4.987
29.11.2023;101;126.981;4.8;0.749;5.901;5.322
30.11.2023;99;122.536;4.6;0.955;7.791;6.768
01.12.2023;99;122.473;4.7;0.724;5.909;5.328
02.12.2023;114;156.706;4.9;1.753;11.185;9.336
03.12.2023;147;234.104;4.3;10.007;42.748;31.698
04.12.2023;125;184.286;3.2;5.35;29.029;22.279
05.12.2023;117;163.944;2.9;9.899;60.378;43.262
06.12.2023;117;163.806;2.7;4.334;26.459;20.467
07.12.2023;112;153.413;2.8;2.271;14.805;12.034
08.12.2023;107;141.516;3;1.65;11.66;9.692
09.12.2023;104;133.584;3.3;1.404;10.51;8.828
10.12.2023;102;130.864;3.5;1.328;10.148;8.555
11.12.2023;101;127.334;3.2;1.241;9.744;8.25
12.12.2023;102;130.134;3.2;1.313;10.089;8.511
13.12.2023;109;147.304;4;1.931;13.108;10.774
14.12.2023;157;256.167;5;11.076;43.238;32.027
15.12.2023;140;219.043;5.4;6.758;30.854;23.556
16.12.2023;122;175.371;5.1;3.237;18.46;14.719
17.12.2023;112;152.629;4.7;2.071;13.571;11.119
18.12.2023;109;144.941;4.5;1.769;12.205;10.1
19.12.2023;107;141.892;4.3;1.662;11.71;9.73
20.12.2023;106;138.767;4;1.56;11.241;9.378
21.12.2023;104;135.189;3.7;1.452;10.741;9.002
22.12.2023;107;141.031;3.8;1.655;11.736;9.749
23.12.2023;131;198.196;4;5.057;25.517;19.799
24.12.2023;177;302.986;4.6;17.966;59.295;42.567
25.12.2023;171;289.959;5.1;15.931;54.943;39.755
26.12.2023;176;302.492;5.7;17.907;59.197;42.504
27.12.2023;167;281.362;5.7;14.623;51.972;37.817
28.12.2023;157;256.029;5.2;11.047;43.146;31.965
29.12.2023;146;231.244;4.8;8.026;34.707;26.227
30.12.2023;138;214.078;4.4;6.25;29.194;22.395
31.12.2023;133;201.583;4.2;5.127;25.434;19.74
01.01.2024;142;223.499;4.4;4.212;18.845;15
02.01.2024;138;213.818;4.4;3.445;16.114;13
03.01.2024;130;195.036;4.8;2.616;13.411;11
04.01.2024;125;183.134;4.8;2.211;12.071;10
05.01.2024;122;176.238;4.6;1.892;10.738;9
06.01.2024;123;178.091;4.8;1.557;8.745;7.494
07.01.2024;163;271.964;5.3;19.758;72.65;51.013
08.01.2024;147;233.94;5.2;10.862;46.432;34.161
09.01.2024;131;198.999;4.7;3.084;15.5;12.548
10.01.2024;123;179.45;4;1.86;10.366;8.72
11.01.2024;118;165.887;3.2;1.31;7.897;6.849
12.01.2024;115;159.039;2.8;1.218;7.659;6.668
13.01.2024;111;151.697;2.5;0.932;6.146;5.51
14.01.2024;107;140.976;2.3;0.679;4.816;4.486
15.01.2024;105;136.498;2.4;0.605;4.43;4.188
16.01.2024;105;136.896;2.3;0.619;4.519;4.257
17.01.2024;103;133.231;2.3;0.723;5.427;4.957
18.01.2024;104;134.272;3;0.836;6.228;5.573
19.01.2024;108;144.37;3.3;1.007;6.977;6.147
20.01.2024;102;129.982;2.6;1.099;8.454;7.273
21.01.2024;94;113.304;2.3;0.629;5.549;5.051
22.01.2024;93;110.112;2.3;0.456;4.145;3.967
23.01.2024;99;123.637;2.2;0.521;4.212;4.019
24.01.2024;99;123.279;2.4;0.764;6.194;5.547
25.01.2024;104;134.85;2.8;0.947;7.024;6.183
26.01.2024;110;149.083;3.8;1.566;10.507;8.826
27.01.2024;110;149.165;4.3;1.69;11.333;9.447
28.01.2024;107;142.022;4.3;1.111;7.825;6.794
29.01.2024;103;132.274;4;0.813;6.146;5.51
30.01.2024;100;126.445;3.6;0.725;5.737;5.196
31.01.2024;99;123.725;3.3;0.661;5.341;4.891
01.02.2024;97;119.911;3.2;0.775;6.461;5.752
02.02.2024;97;119.272;3.6;0.595;4.992;4.622
03.02.2024;96;116.952;3.7;0.532;4.548;4.279
04.02.2024;97;118.219;4.2;0.429;3.629;3.567
05.02.2024;110;147.482;5;0.841;5.703;5.17
06.02.2024;111;150.588;6.1;0.968;6.427;5.726
07.02.2024;109;145.332;6.6;1.109;7.633;6.648
08.02.2024;108;143.325;6.5;0.981;6.848;6.048
09.02.2024;106;139.439;6.5;1.256;9.009;7.694
10.02.2024;107;142.105;6.8;0.887;6.242;5.584
11.02.2024;109;145.635;7.2;0.765;5.256;4.826
12.02.2024;118;168.128;7.6;1.22;7.254;6.359
13.02.2024;112;153.027;7.4;1.285;8.398;7.23
14.02.2024;107;141.534;6.6;1.073;7.581;6.608
15.02.2024;104;134.055;6.6;0.823;6.137;5.503
16.02.2024;103;131.902;6.3;0.747;5.662;5.138
17.02.2024;101;128.175;6.4;0.608;4.742;4.429
18.02.2024;102;130.78;6.9;0.615;4.706;4.401
19.02.2024;103;133.219;6.9;0.595;4.465;4.215
20.02.2024;104;135.372;7;0.647;4.782;4.46
21.02.2024;103;132.28;7.1;0.628;4.747;4.433
22.02.2024;101;128.19;7;0.657;5.127;4.726
23.02.2024;101;128.633;7.2;0.768;5.971;5.376
24.02.2024;112;152.357;7.3;1.012;6.641;5.89
25.02.2024;108;144.859;7.2;0.857;5.913;5.331
26.02.2024;105;136.784;7.1;1.041;7.613;6.633
27.02.2024;103;132.843;6.8;0.826;6.216;5.564
28.02.2024;101;126.878;7.2;0.756;5.96;5.367
29.02.2024;100;126.043;7.5;0.657;5.215;4.794
01.03.2024;101;128.765;7.9;0.84;6.521;5.798
02.03.2024;105;137.072;8.7;0.824;6.013;5.408
03.03.2024;103;133.119;9.1;0.768;5.768;5.22
04.03.2024;102;130.315;8.8;0.712;5.462;4.984
05.03.2024;102;129.21;8.7;0.936;7.247;6.353
06.03.2024;100;126.234;8.4;0.948;7.507;6.552
07.03.2024;100;126.227;8.1;0.769;6.09;5.467
08.03.2024;97;118.983;7.5;0.584;4.908;4.557
09.03.2024;95;113.863;7.4;0.452;3.968;3.83
10.03.2024;93;111.252;7.7;0.438;3.937;3.806
11.03.2024;94;112.996;7.4;0.535;4.733;4.422
12.03.2024;118;167.589;7.8;5.184;30.93;23.609
13.03.2024;108;142.951;8.2;2.795;19.551;15.513
14.03.2024;101;128.538;8.4;1.036;8.058;6.972
15.03.2024;99;123.813;8.9;0.784;6.336;5.656
16.03.2024;98;120.315;9.4;0.668;5.553;5.054
17.03.2024;100;126.591;9.9;0.623;4.923;4.569
18.03.2024;100;126.318;10.3;0.602;4.764;4.446
19.03.2024;100;124.927;10.3;0.626;5.01;4.636
20.03.2024;99;124.47;10;0.698;5.61;5.098
21.03.2024;95;114.684;10;0.739;6.443;5.738
22.03.2024;95;114.334;10.4;0.664;5.809;5.251
23.03.2024;98;121.427;10.3;0.57;4.697;4.394
24.03.2024;102;129.663;10;0.723;5.576;5.072
25.03.2024;99;123.837;10;0.632;5.107;4.711
26.03.2024;97;119.706;9.8;0.486;4.06;3.901
27.03.2024;97;118.625;10;0.506;4.266;4.061
28.03.2024;101;127.545;9.8;0.538;4.215;4.021
29.03.2024;107;140.776;9.9;0.7;4.973;4.607
30.03.2024;104;134.433;10.8;0.6;4.46;4.211
31.03.2024;104;134.925;11.1;0.596;4.416;4.177
01.04.2024;109;147.167;11.6;0.717;4.87;4.528
02.04.2024;129;193.357;11.8;2.642;13.665;11.189
03.04.2024;135;206.064;11;4.255;20.649;16.309
04.04.2024;122;177.244;10.2;3.821;21.56;16.967
05.04.2024;116;162.828;10.4;2.609;16.021;12.932
06.04.2024;114;158.038;11.4;1.652;10.451;8.784
07.04.2024;116;161.95;12.6;1.613;9.962;8.415
08.04.2024;121;174.749;13.5;1.958;11.206;9.352
09.04.2024;130;194.589;13.5;2.82;14.494;11.804
10.04.2024;137;211.093;13.1;4.174;19.771;15.673
11.04.2024;131;198.989;12.3;5.139;25.824;20.017
12.04.2024;124;181.033;11.9;3.45;19.06;15.156
13.04.2024;122;175.638;11.9;2.619;14.909;12.111
14.04.2024;123;178.032;12.9;2.351;13.206;10.847
15.04.2024;124;180.729;13.8;2.347;12.988;10.685
16.04.2024;146;231.405;12.6;6.02;26.013;20.151
17.04.2024;153;248.139;11.1;11.689;47.105;34.608
18.04.2024;136;209.441;9.7;7.894;37.692;28.274
19.04.2024;127;187.948;8.8;3.853;20.501;16.202
20.04.2024;119;169.607;8.9;2.141;12.626;10.415
21.04.2024;113;154.944;9;1.334;8.611;7.392
22.04.2024;108;143.252;8.8;0.927;6.472;5.76
23.04.2024;111;151.617;8.7;1.101;7.264;6.366
24.04.2024;141;219.504;8.2;25.79;117.491;77.754
25.04.2024;126;187.168;8.5;6.745;36.036;27.141
26.04.2024;113;155.721;8.9;1.935;12.428;10.267
27.04.2024;108;143.791;9.9;1.1;7.65;6.661
28.04.2024;105;137.442;11.2;0.837;6.087;5.465
29.04.2024;104;135.797;12.3;0.834;6.138;5.504
30.04.2024;105;136.712;13.2;0.992;7.254;6.359
01.05.2024;108;143.053;13.6;1.04;7.271;6.372
02.05.2024;113;155.235;14.1;1.39;8.955;7.653
03.05.2024;125;183.414;13.6;3.14;17.12;13.739
04.05.2024;131;197.705;13.4;3.784;19.141;15.215
05.05.2024;122;177.668;13.2;2.266;12.754;10.51
06.05.2024;118;166.503;13.4;1.765;10.599;8.895
07.05.2024;116;163.02;13.7;1.519;9.315;7.926
08.05.2024;140;216.962;13.5;13.981;64.439;45.852
09.05.2024;147;234.77;13.3;12.271;52.267;38.01
10.05.2024;135;207.027;13.3;4.089;19.752;15.659
11.05.2024;128;191.73;13.6;7.486;39.044;29.195
12.05.2024;123;179.334;14.3;3.705;20.657;16.315
13.05.2024;123;177.837;13.8;2.93;16.473;13.264
14.05.2024;130;194.969;13.6;3.385;17.36;13.915
15.05.2024;127;188.249;13.7;3.324;17.656;14.132
16.05.2024;126;186.144;13.3;3.23;17.35;13.908
17.05.2024;208;383.443;13.1;112.488;293.362;170
18.05.2024;221;411.634;12.8;107.201;260.429;155.413
19.05.2024;182;314.621;13;89.746;285.251;166.403
20.05.2024;166;279.022;13.8;26.587;95.286;64.785
21.05.2024;178;308.395;13.9;31.555;102.321;68.946
22.05.2024;269;543.926;13.6;334.381;614.755;314.897
23.05.2024;237;453.636;13.1;184.784;407.339;220.852
24.05.2024;208;378.202;13.3;48.737;128.865;84.226
25.05.2024;190;334.493;13.4;21.855;65.339;46.422
26.05.2024;211;385.398;13.4;313.385;813.147;406.743
27.05.2024;189;332.539;13.4;23.54;70.79;49.852
28.05.2024;185;324.416;13.4;72.853;224.566;135.595
29.05.2024;189;332.925;13.4;117.165;351.925;196.057
30.05.2024;171;290.548;13.7;15.412;53.043;38.517
31.05.2024;184;320.896;13.5;22.362;69.686;49.161
01.06.2024;211;386.321;13.2;42.267;109.409;73.088
02.06.2024;198;354.676;13.2;17.002;47.936;35.159
03.06.2024;233;446.555;13.2;94.179;210.902;128.508
04.06.2024;298;638.78;13.7;306.188;479.333;253.272
05.06.2024;258;513.01;13.8;104.97;204.615;125.226
06.06.2024;229;431.479;14.4;45.453;105.342;70.717
07.06.2024;217;400.774;14.9;32.742;81.696;56.592
08.06.2024;231;437.114;15;156.918;358.986;199.209
09.06.2024;254;500.872;15.3;694.565;1386.712;683.561
10.06.2024;234;444.719;14.9;227.502;511.564;267.862
11.06.2024;296;629.457;14.6;317.216;503.952;264.412
12.06.2024;289;606.425;13.4;142.666;235.257;141.102
13.06.2024;273;557.188;12.2;95.928;172.165;108.036
14.06.2024;247;481.422;12;54.663;113.545;75.483
15.06.2024;226;423.024;12.8;28.238;66.753;47.316
16.06.2024;227;425.103;13.5;35.414;83.306;57.574
17.06.2024;213;391.043;13.8;19.115;48.881;35.784
18.06.2024;199;356.575;14.9;14.374;40.311;30.054
19.06.2024;187;328.153;16.1;10.735;32.714;24.85
20.06.2024;177;304.748;16.8;8.765;28.761;22.091
21.06.2024;169;284.875;17.4;7.3;25.626;19.876
22.06.2024;162;268.996;17.5;5.864;21.799;17.139
23.06.2024;158;259.776;17.2;5.243;20.183;15.972
24.06.2024;151;242.777;17.1;4.661;19.2;15.258
25.06.2024;143;224.547;17.1;4.279;19.058;15.155
26.06.2024;140;217.611;17.1;3.689;16.951;13.615
27.06.2024;157;256.746;17.2;24.027;93.582;63.769
28.06.2024;146;231.071;17.4;22.07;95.513;64.92
29.06.2024;135;207.995;18.1;5.337;25.658;19.899
30.06.2024;126;185.16;19;3.135;16.931;13.601
01.07.2024;125;183.522;18.8;2.832;15.434;12.499
02.07.2024;144;227.282;18.5;8.166;35.927;27.066
03.07.2024;137;211.017;17.6;4.156;19.693;15.616
04.07.2024;132;199.862;16.7;3.895;19.49;15.469
05.07.2024;129;193.13;16.7;3.55;18.379;14.66
06.07.2024;120;170.613;17.7;2.227;13.054;10.734
07.07.2024;116;161.466;18.6;1.847;11.438;9.526
08.07.2024;124;181.684;18.9;3.03;16.679;13.416
09.07.2024;116;162.629;19.1;2.906;17.87;14.288
10.07.2024;113;156.009;19.9;2.253;14.443;11.766
11.07.2024;111;150.517;20.4;3.139;20.852;16.456
12.07.2024;149;238.096;20.5;105.219;441.92;236.395
13.07.2024;149;239.38;20.2;95.337;398.266;216.783
14.07.2024;133;202.668;20;49.109;242.311;144.719
15.07.2024;140;218.436;20.4;33.953;155.437;98.975
16.07.2024;124;181.448;21;29.831;164.407;103.853
17.07.2024;149;238.451;20.9;27.027;113.344;75.367
18.07.2024;145;229.172;20.2;221.492;966.488;479.059
19.07.2024;136;210.003;19.8;131.803;627.623;320.797
20.07.2024;158;258.421;19.4;76.301;295.259;170.842
21.07.2024;148;237;18.9;35.028;147.798;94.783
22.07.2024;134;204.826;18.9;27.018;131.909;85.941
23.07.2024;132;201.065;19;14.789;73.555;51.576
24.07.2024;126;186.858;18.9;9.807;52.483;38.151
25.07.2024;120;170.992;18.9;10.515;61.494;43.976
26.07.2024;114;158.346;19;7.656;48.35;35.433
27.07.2024;113;154.459;19.4;6.195;40.106;29.915
28.07.2024;114;157.37;19.7;7.326;46.55;34.239
29.07.2024;111;149.874;20;7.632;50.923;37.129
30.07.2024;104;135.776;20.1;3.051;22.469;17.621
31.07.2024;103;131.71;20.1;2.419;18.364;14.649
01.08.2024;100;125.885;20.4;2.232;17.727;14.184
02.08.2024;129;191.807;20.2;8.167;42.577;31.583
03.08.2024;120;171.501;20;7.346;42.836;31.757
04.08.2024;107;140.786;19.7;15.328;108.877;72.779
05.08.2024;103;132.477;19.3;32.975;248.912;148.094
06.08.2024;100;126.598;19.2;8.663;68.431;48.373
07.08.2024;98;121.704;19.2;4.327;35.556;26.811
08.08.2024;127;187.638;19.5;23.633;125.949;82.577
09.08.2024;112;154.193;20;8.367;54.264;39.313
10.08.2024;101;127.721;20.7;6.624;51.861;37.744
11.08.2024;97;118.314;21.3;3.651;30.857;23.558
12.08.2024;94;112.133;21.7;2.488;22.188;17.419
13.08.2024;93;110.38;22.3;1.843;16.694;13.427
14.08.2024;92;108.578;22.3;1.529;14.079;11.496
15.08.2024;91;106.325;22.4;1.3;12.229;10.118
16.08.2024;89;102.253;22.6;1.23;12.027;9.967
17.08.2024;100;125.925;22.6;1.907;15.147;12.287
18.08.2024;108;144.106;22.1;3.062;21.25;16.743
19.08.2024;100;126.412;21.3;2.75;21.753;17.106
20.08.2024;95;114.86;20.9;8.471;73.753;51.699
21.08.2024;94;111.63;20.7;7.661;68.631;48.499
22.08.2024;91;105.435;20.3;2.809;26.646;20.599
23.08.2024;88;100.362;19.9;1.896;18.896;15.037
24.08.2024;86;96.48;20.2;1.414;14.652;11.921
25.08.2024;85;93.553;20.5;1.109;11.857;9.84
26.08.2024;91;107.277;20.8;1.334;12.431;10.269
27.08.2024;95;114.714;21;1.728;15.062;12.224
28.08.2024;93;110.298;21.1;1.542;13.982;11.424
29.08.2024;88;99.265;21;1.698;17.102;13.726
30.08.2024;87;97.564;21;1.801;18.46;14.719
31.08.2024;85;93.192;21.3;2.163;23.208;18.151
01.09.2024;84;92.482;21;1.436;15.526;12.567
02.09.2024;83;89.228;20.9;1.092;12.237;10.124
03.09.2024;83;90.954;20.9;1.044;11.476;9.554
04.09.2024;82;87.901;21.1;0.922;10.486;8.81
05.09.2024;81;85.569;20.9;0.83;9.697;8.215
06.09.2024;81;85.393;20.7;0.898;10.518;8.834
07.09.2024;85;93.028;20.3;0.983;10.564;8.869
08.09.2024;81;86.852;20;0.784;9.027;7.708
09.09.2024;98;124.279;19.1;3.447;27.734;21.368
10.09.2024;138;214.268;18.1;18.907;88.239;60.563
11.09.2024;108;144.654;17.3;6.076;42.006;31.199
12.09.2024;120;171.001;16.3;12.355;72.249;50.763
13.09.2024;199;357.596;14.4;83.412;233.257;140.074
14.09.2024;168;282.7;12.5;37.218;131.653;85.797
15.09.2024;200;361.516;10.9;80.611;222.981;134.776
16.09.2024;214;395.347;10.3;658.315;1665.158;824.561
17.09.2024;220;410.364;11;292.937;713.847;360.535
18.09.2024;193;342.739;11.5;136.388;397.936;216.635
19.09.2024;181;313.176;12.1;58.889;188.037;116.501
20.09.2024;178;305.041;12.3;41.866;137.247;88.931
21.09.2024;172;292.503;12.5;31.002;105.987;71.094
22.09.2024;167;279.992;12.7;23.539;84.072;58.04
23.09.2024;159;260.756;12.8;16.932;64.936;46.167
24.09.2024;154;250.23;12.9;13.202;52.758;38.331
25.09.2024;156;254.377;13.1;12.837;50.465;36.828
26.09.2024;150;241.612;13.2;11.027;45.639;33.633
27.09.2024;163;272.526;13.4;15.825;58.068;41.777
28.09.2024;204;368.044;13.4;46.346;125.925;82.563
29.09.2024;176;300.636;12.7;56.611;188.303;116.642
30.09.2024;161;266.961;11.7;19.326;72.393;50.853
01.10.2024;153;246.968;10.9;9.505;38.487;28.816
02.10.2024;152;246.497;10.8;8.36;33.917;25.682
03.10.2024;227;427.843;11.9;105.367;246.275;146.747
04.10.2024;282;588.776;11.9;158.993;270.04;159.665
05.10.2024;233;443.173;11.3;64.33;145.158;93.326
06.10.2024;199;356.544;10.8;27.758;77.853;54.235
07.10.2024;183;317.778;10.7;16.589;52.202;37.967
08.10.2024;173;294.46;11.1;8.62;29.274;22.451
09.10.2024;174;296.429;11.7;10.703;36.106;27.189
10.10.2024;192;339.861;12.5;60.359;177.598;110.947
11.10.2024;260;520.903;12.2;240.15;461.026;245.006
12.10.2024;228;428.863;11.5;219.806;512.532;268.301
13.10.2024;204;369.522;10.4;49.798;134.764;87.543
14.10.2024;188;328.543;10.3;24.378;74.199;51.976
15.10.2024;180;311.607;10.6;17.398;55.834;40.333
16.10.2024;169;285.958;11;12.508;43.742;32.365
17.10.2024;160;263.654;11.1;9.951;37.742;28.308
18.10.2024;157;256.008;11.1;8.651;33.791;25.595
19.10.2024;151;242.376;11.3;7.261;29.959;22.931
20.10.2024;144;227.66;11.5;5.92;26.003;20.144
21.10.2024;138;214.359;11.5;4.659;21.736;17.094
22.10.2024;136;210.078;11.7;4.436;21.114;16.645
23.10.2024;133;202.494;12.2;4.105;20.273;16.037
24.10.2024;130;195.067;12.4;4.005;20.529;16.222
25.10.2024;129;193.754;12.4;3.789;19.554;15.515
26.10.2024;127;189.169;12.3;3.476;18.373;14.656
27.10.2024;122;177.448;12.1;2.751;15.503;12.55
28.10.2024;119;170.494;12.1;2.401;14.084;11.5
29.10.2024;119;169.717;11.9;2.268;13.365;10.966
30.10.2024;116;162.837;12;2;12.28;10.156
31.10.2024;113;154.57;11.7;1.823;11.793;9.792
01.11.2024;109;147.061;11.3;1.61;10.946;9.156
02.11.2024;107;141.521;10.7;1.397;9.871;8.346
03.11.2024;105;136.028;10.4;1.127;8.288;7.147
04.11.2024;104;134.534;9.5;0.979;7.279;6.378
05.11.2024;102;131.247;9.3;0.98;7.468;6.522
06.11.2024;101;129.01;9.1;0.983;7.623;6.64
07.11.2024;102;129.189;8.9;1.067;8.257;7.123
08.11.2024;101;128.924;8.6;0.907;7.036;6.192
09.11.2024;100;124.749;8.2;0.759;6.087;5.465
10.11.2024;96;117.666;8.1;0.654;5.556;5.057
11.11.2024;95;115.484;7.6;0.55;4.763;4.445
12.11.2024;94;112.766;7.2;0.551;4.882;4.537
13.11.2024;95;113.776;6.9;0.616;5.414;4.947
14.11.2024;95;113.958;6.7;0.631;5.536;5.041
15.11.2024;92;109.23;6.2;0.535;4.901;4.552
16.11.2024;91;105.791;6;0.449;4.242;4.042
17.11.2024;89;102.764;5.7;0.382;3.722;3.639
18.11.2024;87;98.706;5.7;0.332;3.36;3.358
19.11.2024;88;99.437;5.7;0.325;3.264;3.283
20.11.2024;88;100.538;5.7;0.335;3.336;3.339
21.11.2024;88;99.195;5.4;0.34;3.43;3.412
22.11.2024;87;98.174;5.3;0.336;3.418;3.403
23.11.2024;86;95.063;4.8;0.29;3.047;3.114
24.11.2024;83;90.659;5;0.241;2.656;2.81
25.11.2024;83;89.029;4.8;0.241;2.704;2.847
26.11.2024;83;90.086;5;0.196;2.176;2.435
27.11.2024;83;90.498;5.7;0.194;2.142;2.408
28.11.2024;83;90.829;6.1;0.196;2.157;2.42
29.11.2024;83;90.253;6.1;0.209;2.317;2.545
30.11.2024;82;88.06;6.2;0.189;2.143;2.409
01.12.2024;80;84.52;6;0.176;2.084;2.363
02.12.2024;80;84.03;5.7;0.153;1.816;2.153
03.12.2024;80;84.758;5.5;0.16;1.884;2.206
04.12.2024;81;85.974;5.7;0.161;1.875;2.199
05.12.2024;80;84.911;5.2;0.161;1.893;2.213
06.12.2024;81;85.402;5;0.152;1.779;2.124
07.12.2024;80;84.681;4.7;0.151;1.781;2.126
08.12.2024;78;80.235;4.5;0.133;1.663;2.033
09.12.2024;78;79.606;4.6;0.115;1.446;1.863
10.12.2024;79;82.152;5;0.131;1.59;1.976
11.12.2024;79;82.041;5.5;0.134;1.639;2.014
12.12.2024;78;80.787;5.4;0.127;1.576;1.965
13.12.2024;77;79.242;5.4;0.134;1.687;2.052
14.12.2024;76;77.398;5.5;0.141;1.822;2.158
15.12.2024;75;74.216;5.1;0.132;1.773;2.119
16.12.2024;74;73.307;5;0.109;1.485;1.894
17.12.2024;76;76.37;4.8;0.11;1.436;1.855
18.12.2024;79;83.095;4.7;0.125;1.501;1.906
19.12.2024;78;80.628;5.2;0.107;1.321;1.765
20.12.2024;78;79.552;5.7;0.129;1.617;1.997
21.12.2024;78;79.476;4.9;0.146;1.843;2.174
22.12.2024;74;72.926;4.5;0.107;1.466;1.879
23.12.2024;74;73.625;4.4;0.096;1.299;1.748
24.12.2024;74;72.272;4.2;0.084;1.164;1.642
25.12.2024;73;71.817;3.9;0.081;1.133;1.617
26.12.2024;71;67.677;3.2;0.078;1.152;1.632
27.12.2024;70;66.24;2.8;0.07;1.058;1.558
28.12.2024;70;66.693;2.8;0.07;1.044;1.547
29.12.2024;72;68.85;2.9;0.073;1.055;1.556
30.12.2024;73;71.743;2.5;0.087;1.21;1.678
31.12.2024;72;69.675;2.3;0.079;1.13;1.615
