Datum;vodostaj (cm);pretok (m3/s);temp. vode (°C)
01.01.2023;85;5.358;9.4
02.01.2023;84;4.926;9.4
03.01.2023;83;4.611;9.4
04.01.2023;81;4.157;9.1
05.01.2023;81;3.911;9.1
06.01.2023;79;3.562;8.8
07.01.2023;78;3.313;8.8
08.01.2023;79;3.544;8.6
09.01.2023;126;29.415;8.8
10.01.2023;111;19.131;8.1
11.01.2023;100;12.168;7.3
12.01.2023;94;9.329;7.8
13.01.2023;91;7.527;7.7
14.01.2023;88;6.386;7.5
15.01.2023;87;5.881;7.6
16.01.2023;117;23.076;7.4
17.01.2023;109;17.356;7.2
18.01.2023;107;16.152;7.4
19.01.2023;102;13.494;7.4
20.01.2023;97;10.749;6.9
21.01.2023;93;8.676;6.2
22.01.2023;91;7.368;6.3
23.01.2023;92;8.418;6.9
24.01.2023;94;9.112;7.2
25.01.2023;91;7.637;6.8
26.01.2023;89;6.768;6.3
27.01.2023;87;5.953;6
28.01.2023;85;5.182;5.9
29.01.2023;83;4.562;6.1
30.01.2023;82;4.198;5.7
31.01.2023;80;3.846;5.5
01.02.2023;79;3.561;5.6
02.02.2023;79;3.441;6.3
03.02.2023;78;3.277;6.3
04.02.2023;78;3.238;6.3
05.02.2023;77;3.106;5.6
06.02.2023;76;2.873;5.3
07.02.2023;75;2.669;4.6
08.02.2023;74;2.468;4.4
09.02.2023;73;2.308;4.5
10.02.2023;73;2.264;4.4
11.02.2023;72;2.106;4.8
12.02.2023;72;2.106;5.6
13.02.2023;72;2.054;5.8
14.02.2023;72;2.077;5.8
15.02.2023;72;2.12;6
16.02.2023;73;2.271;6.1
17.02.2023;73;2.307;7.2
18.02.2023;74;2.492;7.6
19.02.2023;75;2.628;7.7
20.02.2023;74;2.516;7.3
21.02.2023;74;2.514;7.7
22.02.2023;74;2.489;7.9
23.02.2023;74;2.43;7.7
24.02.2023;73;2.286;7.7
25.02.2023;80;3.787;8
26.02.2023;79;3.643;6.8
27.02.2023;76;2.841;5.9
28.02.2023;74;2.461;5.9
01.03.2023;73;2.271;6.3
02.03.2023;72;2.156;7.2
03.03.2023;72;2.066;7.2
04.03.2023;71;1.944;7
05.03.2023;71;1.923;7
06.03.2023;71;1.984;7
07.03.2023;89;7.059;6.8
08.03.2023;85;5.264;7.5
09.03.2023;90;7.45;8.2
10.03.2023;91;7.42;8.6
11.03.2023;88;6.223;9
12.03.2023;84;4.807;7.8
13.03.2023;81;3.989;7.5
14.03.2023;89;7.539;8.3
15.03.2023;97;10.807;8.1
16.03.2023;89;6.799;7.2
17.03.2023;86;5.514;7.4
18.03.2023;84;4.8;7.7
19.03.2023;82;4.204;7.9
20.03.2023;80;3.739;8.6
21.03.2023;79;3.481;8.7
22.03.2023;78;3.293;9.6
23.03.2023;78;3.199;9.5
24.03.2023;77;3.092;9.5
25.03.2023;81;4.129;9.3
26.03.2023;82;4.308;8.9
27.03.2023;110;18.744;8.6
28.03.2023;94;9.589;7.7
29.03.2023;88;7.009;8
30.03.2023;86;6.006;8.3
31.03.2023;90;8.023;8.7
01.04.2023;110;18.992;9
02.04.2023;98;11.629;9.1
03.04.2023;92;8.741;8.9
04.04.2023;89;7.13;7.5
05.04.2023;86;6.138;7.5
06.04.2023;84;5.453;7.7
07.04.2023;82;4.904;8
08.04.2023;81;4.514;8.4
09.04.2023;80;4.162;8.7
10.04.2023;78;3.8;9
11.04.2023;77;3.539;8.7
12.04.2023;76;3.391;9.1
13.04.2023;98;13.539;8.8
14.04.2023;113;20.691;8.3
15.04.2023;104;15.441;8.7
16.04.2023;99;12.293;8.8
17.04.2023;94;9.78;9.5
18.04.2023;92;8.383;9.9
19.04.2023;89;7.261;9.9
20.04.2023;88;6.726;9.4
21.04.2023;86;6.035;10
22.04.2023;84;5.546;10.4
23.04.2023;83;5.153;10.4
24.04.2023;85;5.931;10
25.04.2023;87;6.435;9.5
26.04.2023;83;5.259;9.6
27.04.2023;82;4.712;10.2
28.04.2023;80;4.346;9.8
29.04.2023;79;4.055;10.7
30.04.2023;79;3.982;11.3
01.05.2023;78;3.769;10.8
02.05.2023;80;4.209;10.5
03.05.2023;79;4.027;10.5
04.05.2023;78;3.711;11.1
05.05.2023;77;3.519;11.8
06.05.2023;76;3.418;12.2
07.05.2023;76;3.291;12.3
08.05.2023;75;3.092;11.9
09.05.2023;74;2.912;11.8
10.05.2023;74;2.869;10.8
11.05.2023;84;5.807;10.7
12.05.2023;85;5.704;10.5
13.05.2023;85;5.67;10.6
14.05.2023;88;7.243;10.3
15.05.2023;97;11.335;10.9
16.05.2023;93;8.948;10.6
17.05.2023;92;8.52;10.4
18.05.2023;87;6.599;10.6
19.05.2023;84;5.549;11
20.05.2023;82;4.858;11.5
21.05.2023;80;4.314;12.6
22.05.2023;79;3.984;12.6
23.05.2023;77;3.604;12.8
24.05.2023;76;3.354;12.6
25.05.2023;75;3.066;13.5
26.05.2023;74;2.884;13.7
27.05.2023;73;2.718;13.9
28.05.2023;72;2.576;13.8
29.05.2023;72;2.495;13.7
30.05.2023;71;2.381;13.8
31.05.2023;70;2.277;13.5
01.06.2023;70;2.189;13.6
02.06.2023;70;2.17;13.7
03.06.2023;70;2.158;14.1
04.06.2023;70;2.192;13.3
05.06.2023;80;5.094;13.1
06.06.2023;98;11.986;12.8
07.06.2023;88;6.858;13.2
08.06.2023;82;4.829;13.4
09.06.2023;82;5.247;13.8
10.06.2023;82;4.81;13.2
11.06.2023;78;3.865;13.7
12.06.2023;77;3.543;14.1
13.06.2023;81;4.544;13.9
14.06.2023;78;3.712;13.6
15.06.2023;77;3.6;14.2
16.06.2023;76;3.348;13.8
17.06.2023;74;2.893;13.7
18.06.2023;73;2.651;14.4
19.06.2023;72;2.468;14.9
20.06.2023;71;2.397;15.5
21.06.2023;70;2.27;15.9
22.06.2023;70;2.196;16.3
23.06.2023;69;2.08;16.1
24.06.2023;69;1.978;15.8
25.06.2023;68;1.897;15.9
26.06.2023;68;1.891;16.1
27.06.2023;68;1.954;15.2
28.06.2023;69;2.035;15.5
29.06.2023;67;1.749;15.6
30.06.2023;67;1.755;15.5
01.07.2023;67;1.816;15.2
02.07.2023;67;1.77;15.9
03.07.2023;89;12.255;14.9
04.07.2023;117;24.407;14.4
05.07.2023;90;7.885;14.7
06.07.2023;83;5.145;14.5
07.07.2023;78;3.886;15.1
08.07.2023;76;3.32;15.4
09.07.2023;75;3.024;15.8
10.07.2023;73;2.704;16.2
11.07.2023;72;2.532;16.6
12.07.2023;74;2.963;16.2
13.07.2023;86;6.565;16.1
14.07.2023;88;7.025;15.8
15.07.2023;79;3.946;15.8
16.07.2023;75;3.179;16.6
17.07.2023;73;2.806;16.8
18.07.2023;73;2.729;17.2
19.07.2023;75;3.09;16.8
20.07.2023;73;2.684;17.1
21.07.2023;83;5.685;16
22.07.2023;82;4.787;15.4
23.07.2023;76;3.244;15.7
24.07.2023;74;2.878;15.7
25.07.2023;100;13.629;15.4
26.07.2023;101;13.413;14.1
27.07.2023;93;9.135;13.8
28.07.2023;86;6.271;14.1
29.07.2023;82;4.852;15.1
30.07.2023;103;14.939;15.4
31.07.2023;96;10.92;14.8
01.08.2023;93;9.144;14.1
02.08.2023;98;11.834;14
03.08.2023;94;10.019;14.3
04.08.2023;185;97;14.1
05.08.2023;153;59.768;12.7
06.08.2023;127;36.082;12.5
07.08.2023;116;28.071;12.2
08.08.2023;107;21.595;12.3
09.08.2023;101;17.875;12.4
10.08.2023;97;15.165;13
11.08.2023;93;13.019;13.6
12.08.2023;90;11.218;14
13.08.2023;88;9.862;14.4
14.08.2023;85;8.623;14.8
15.08.2023;83;7.666;14.7
16.08.2023;82;7.095;14.8
17.08.2023;81;6.858;15.1
18.08.2023;79;6.282;15.1
19.08.2023;78;5.759;15.4
20.08.2023;76;5.243;15.6
21.08.2023;75;4.898;15.7
22.08.2023;74;4.631;15.9
23.08.2023;73;4.391;15.7
24.08.2023;72;4.198;16.1
25.08.2023;72;3.992;16.3
26.08.2023;71;3.795;16.1
27.08.2023;70;3.616;16
28.08.2023;91;14.356;15.5
29.08.2023;92;12.065;14.3
30.08.2023;81;6.911;13.6
31.08.2023;77;5.443;13.7
01.09.2023;74;4.565;14.3
02.09.2023;72;4.114;14.7
03.09.2023;71;3.814;14.7
04.09.2023;70;3.589;14.9
05.09.2023;69;3.392;14.3
06.09.2023;68;3.213;14.3
07.09.2023;68;3.155;14.6
08.09.2023;67;3.002;14.5
09.09.2023;67;2.941;14.5
10.09.2023;66;2.819;14.5
11.09.2023;66;2.805;14.6
12.09.2023;65;2.684;14.8
13.09.2023;65;2.656;14.8
14.09.2023;67;2.977;14.9
15.09.2023;66;2.735;15
16.09.2023;64;2.535;14.6
17.09.2023;64;2.48;14.8
18.09.2023;64;2.487;14.6
19.09.2023;67;2.993;14.8
20.09.2023;65;2.576;14.1
21.09.2023;65;2.597;14.2
22.09.2023;88;13.446;14.3
23.09.2023;131;41.706;13
24.09.2023;97;15;12
25.09.2023;86;8.965;12.2
26.09.2023;80;6.661;12.6
27.09.2023;77;5.47;12.7
28.09.2023;75;4.814;12.7
29.09.2023;73;4.411;12.5
30.09.2023;72;4.087;12.5
01.10.2023;71;3.843;12.7
02.10.2023;70;3.673;12.8
03.10.2023;70;3.508;13.1
04.10.2023;69;3.366;12.7
05.10.2023;68;3.247;12.6
06.10.2023;67;2.991;12.7
07.10.2023;67;2.964;12.3
08.10.2023;66;2.819;12.8
09.10.2023;66;2.834;13.1
10.10.2023;65;2.725;13.1
11.10.2023;65;2.654;13
12.10.2023;65;2.611;13.1
13.10.2023;64;2.494;13.3
14.10.2023;64;2.517;13.6
15.10.2023;79;6.337;13.1
16.10.2023;71;3.931;11
17.10.2023;67;3.043;10.2
18.10.2023;66;2.827;10.3
19.10.2023;95;17.318;11.2
20.10.2023;125;35.483;12.7
21.10.2023;116;28.156;12.5
22.10.2023;101;17.976;12.2
23.10.2023;93;12.52;11.7
24.10.2023;103;20.497;12
25.10.2023;146;53.665;12.1
26.10.2023;113;25.842;11.6
27.10.2023;200;122.493;12.5
28.10.2023;157;63.454;11.6
29.10.2023;124;33.931;11.5
30.10.2023;133;41.758;12.3
31.10.2023;165;71.427;12.2
01.11.2023;134;42.555;11.3
02.11.2023;130;39.528;11.6
03.11.2023;161;67.304;12.2
04.11.2023;129;37.709;12.6
05.11.2023;152;58.784;12
06.11.2023;124;34.232;12.7
07.11.2023;112;25.262;12.4
08.11.2023;106;21.094;11.5
09.11.2023;101;17.82;11.1
10.11.2023;105;20.415;11
11.11.2023;103;18.987;10.2
12.11.2023;98;16.06;9.6
13.11.2023;95;13.943;9.6
14.11.2023;93;12.484;10.4
15.11.2023;92;12.384;10.7
16.11.2023;89;10.59;9.8
17.11.2023;88;9.951;10.1
18.11.2023;86;8.91;8.8
19.11.2023;84;8.156;8.6
20.11.2023;83;7.592;8.8
21.11.2023;82;7.191;9.5
22.11.2023;80;6.563;9.2
23.11.2023;79;6.082;8.5
24.11.2023;78;5.908;8
25.11.2023;77;5.462;7.8
26.11.2023;75;4.996;7
27.11.2023;74;4.701;7.3
28.11.2023;78;5.916;8.1
29.11.2023;75;4.866;7.6
30.11.2023;87;10.78;7.4
01.12.2023;164;73.318;8.9
02.12.2023;155;61.454;9.9
03.12.2023;126;35.821;8.4
04.12.2023;107;21.946;7.1
05.12.2023;100;17.126;7.6
06.12.2023;95;13.843;7.9
07.12.2023;91;11.484;7.4
08.12.2023;88;10.05;7
09.12.2023;86;9.046;7.4
10.12.2023;85;8.471;7.3
11.12.2023;83;7.818;7.5
12.12.2023;82;7.289;8.1
13.12.2023;114;28.44;8.4
14.12.2023;115;27.639;8.7
15.12.2023;99;16.495;8.1
16.12.2023;92;12.336;7.1
17.12.2023;88;10.118;7
18.12.2023;86;8.798;7
19.12.2023;84;8.033;7.1
20.12.2023;82;7.407;7.1
21.12.2023;81;6.823;7.1
22.12.2023;80;6.439;7.8
23.12.2023;78;5.891;7.1
24.12.2023;77;5.512;7.2
25.12.2023;76;5.179;8.1
26.12.2023;75;4.923;8.7
27.12.2023;74;4.689;8.7
28.12.2023;73;4.46;8.7
29.12.2023;73;4.323;8.7
30.12.2023;72;4.144;8.6
31.12.2023;73;4.29;8.5
01.01.2024;109;24.035;8.6
02.01.2024;91;11.881;7.7
03.01.2024;89;10.588;8.2
04.01.2024;86;9.058;8.5
05.01.2024;83;7.715;8.1
06.01.2024;109;23.571;8.6
07.01.2024;105;20.725;8.4
08.01.2024;94;14.275;7.4
09.01.2024;88;11.458;6.2
10.01.2024;84;9.941;5.7
11.01.2024;82;9.168;5.5
12.01.2024;80;8.529;5.6
13.01.2024;79;7.979;5.4
14.01.2024;77;7.636;6
15.01.2024;77;7.45;6.7
16.01.2024;75;7.02;6.1
17.01.2024;76;7.104;6.2
18.01.2024;113;26.942;7.3
19.01.2024;108;22.427;7.2
20.01.2024;97;16.305;5.7
21.01.2024;91;12.644;5.4
22.01.2024;87;10.929;5.5
23.01.2024;84;9.925;5.9
24.01.2024;82;9.196;6.3
25.01.2024;81;8.807;6.8
26.01.2024;80;8.365;6.6
27.01.2024;78;7.916;6.5
28.01.2024;77;7.511;6
29.01.2024;76;7.219;5.7
30.01.2024;75;6.973;5.6
31.01.2024;74;6.699;5.8
01.02.2024;73;6.402;6
02.02.2024;72;6.157;6.2
03.02.2024;72;6.034;6.4
04.02.2024;72;6.115;6.5
05.02.2024;71;5.961;7.4
06.02.2024;71;5.89;7.9
07.02.2024;71;5.819;8.1
08.02.2024;70;5.649;8.1
09.02.2024;95;17.901;8.4
10.02.2024;123;33.606;8.1
11.02.2024;110;23.916;8.8
12.02.2024;103;19.595;8.8
13.02.2024;93;14.052;8.1
14.02.2024;86;10.551;7.4
15.02.2024;81;8.729;7.7
16.02.2024;77;7.564;7.7
17.02.2024;74;6.769;7.8
18.02.2024;73;6.296;8.6
19.02.2024;72;6.075;8.4
20.02.2024;70;5.679;8.2
21.02.2024;69;5.475;7.9
22.02.2024;70;5.679;8.1
23.02.2024;117;29.763;8.2
24.02.2024;122;33.126;8.4
25.02.2024;100;17.503;8.6
26.02.2024;91;12.779;8.5
27.02.2024;87;10.824;8.6
28.02.2024;85;10.152;9.1
29.02.2024;82;9.182;9.4
01.03.2024;81;8.82;9.2
02.03.2024;80;8.46;9.1
03.03.2024;85;10.031;9.2
04.03.2024;83;9.408;9.1
05.03.2024;80;8.488;9.1
06.03.2024;82;9.106;9
07.03.2024;82;9.215;8.7
08.03.2024;81;8.71;7.9
09.03.2024;83;9.65;7.7
10.03.2024;90;12.919;8.1
11.03.2024;102;18.862;8.6
12.03.2024;91;12.609;9.1
13.03.2024;85;10.249;8.7
14.03.2024;81;8.869;8.8
15.03.2024;78;7.892;9.1
16.03.2024;76;7.232;9.7
17.03.2024;74;6.578;9.6
18.03.2024;72;6.169;9.9
19.03.2024;70;5.721;9.8
20.03.2024;69;5.306;9.6
21.03.2024;67;5.038;9.7
22.03.2024;66;4.805;9.8
23.03.2024;68;5.378;9.8
24.03.2024;75;6.943;9.2
25.03.2024;69;5.326;8.6
26.03.2024;67;4.921;8.6
27.03.2024;76;8.344;9.1
28.03.2024;111;25.446;8.7
29.03.2024;113;26.452;9.5
30.03.2024;95;15.067;10.2
31.03.2024;89;12.018;10
01.04.2024;105;22.077;10
02.04.2024;112;25.082;9.8
03.04.2024;98;16.317;9.4
04.04.2024;90;12.566;10
05.04.2024;86;10.568;10.6
06.04.2024;83;9.451;11.4
07.04.2024;80;8.475;11.8
08.04.2024;78;7.775;11.9
09.04.2024;76;7.269;11.8
10.04.2024;74;6.668;11.2
11.04.2024;72;6.049;10.9
12.04.2024;70;5.679;11.7
13.04.2024;69;5.465;12.1
14.04.2024;68;5.276;12.4
15.04.2024;68;5.201;12.3
16.04.2024;68;5.303;10.8
17.04.2024;67;5.007;9.5
18.04.2024;66;4.692;9.5
19.04.2024;64;4.446;9.4
20.04.2024;64;4.313;9.4
21.04.2024;63;4.157;9.2
22.04.2024;63;4.078;9
23.04.2024;66;4.763;8.5
24.04.2024;65;4.641;8.9
25.04.2024;64;4.404;8.9
26.04.2024;62;3.967;9.4
27.04.2024;62;3.911;9.8
28.04.2024;62;3.974;10.9
29.04.2024;63;4.062;11.4
30.04.2024;62;3.897;12.1
01.05.2024;62;3.89;11.8
02.05.2024;76;7.385;11.4
03.05.2024;75;7.024;10.3
04.05.2024;73;6.336;11
05.05.2024;68;5.279;10.8
06.05.2024;66;4.841;11.4
07.05.2024;66;4.85;11.1
08.05.2024;71;5.871;11.4
09.05.2024;69;5.449;12.1
10.05.2024;67;4.939;12.1
11.05.2024;65;4.598;12.4
12.05.2024;63;4.239;12.6
13.05.2024;62;4.014;12.1
14.05.2024;62;3.904;12.2
15.05.2024;61;3.865;12
16.05.2024;66;4.873;11.9
17.05.2024;105;21.108;11.6
18.05.2024;92;13.445;12
19.05.2024;81;8.632;12.2
20.05.2024;74;6.684;12.7
21.05.2024;78;8.055;12.3
22.05.2024;103;19.319;12.1
23.05.2024;90;12.257;11.9
24.05.2024;82;9.028;11.7
25.05.2024;78;7.837;11.8
26.05.2024;76;7.203;12
27.05.2024;73;6.371;12.6
28.05.2024;71;5.94;12.7
29.05.2024;70;5.534;12.8
30.05.2024;68;5.202;12.5
31.05.2024;81;9.336;12.2
01.06.2024;83;9.692;12
02.06.2024;76;7.168;12.6
03.06.2024;76;7.187;12.5
04.06.2024;73;6.47;13
05.06.2024;71;5.82;13.4
06.06.2024;69;5.351;14.1
07.06.2024;67;5.057;14.3
08.06.2024;66;4.789;14.6
09.06.2024;66;4.692;14.6
10.06.2024;66;4.819;13.9
11.06.2024;75;7.142;13.3
12.06.2024;78;7.891;12.4
13.06.2024;79;7.986;12.1
14.06.2024;74;6.608;12.1
15.06.2024;70;5.74;12.4
16.06.2024;68;5.286;13.1
17.06.2024;67;4.876;13.9
18.06.2024;65;4.547;14.6
19.06.2024;64;4.337;15.1
20.06.2024;63;4.101;15.2
21.06.2024;62;3.966;14.7
22.06.2024;62;3.911;15.6
23.06.2024;61;3.756;15.4
24.06.2024;60;3.574;15.1
25.06.2024;60;3.589;15.1
26.06.2024;59;3.424;15
27.06.2024;59;3.463;15
28.06.2024;59;3.372;15.9
29.06.2024;58;3.247;16.3
30.06.2024;58;3.218;15.9
01.07.2024;90;18.092;15.1
02.07.2024;88;11.959;14.4
03.07.2024;72;6.152;14
04.07.2024;68;5.243;14.5
05.07.2024;65;4.517;15
06.07.2024;63;4.085;15.2
07.07.2024;62;3.896;15.3
08.07.2024;61;3.733;15.5
09.07.2024;60;3.581;16.6
10.07.2024;59;3.424;16.9
11.07.2024;59;3.387;17.1
12.07.2024;58;3.247;16.8
13.07.2024;58;3.226;16.8
14.07.2024;57;3.089;17
15.07.2024;57;3.024;17
16.07.2024;56;2.896;17.2
17.07.2024;56;2.896;17.3
18.07.2024;56;2.84;17.8
19.07.2024;55;2.755;17.9
20.07.2024;56;2.946;16.8
21.07.2024;55;2.727;17.3
22.07.2024;55;2.685;17.5
23.07.2024;55;2.736;17.2
24.07.2024;55;2.644;16.8
25.07.2024;54;2.56;16.8
26.07.2024;54;2.546;17.1
27.07.2024;53;2.456;17.6
28.07.2024;53;2.415;17.9
29.07.2024;53;2.394;18
30.07.2024;53;2.374;17.8
31.07.2024;53;2.339;17.9
01.08.2024;54;2.484;18.2
02.08.2024;53;2.353;18.2
03.08.2024;52;2.257;17.3
04.08.2024;52;2.237;17.2
05.08.2024;52;2.23;17.2
06.08.2024;52;2.23;17.8
07.08.2024;52;2.223;18
08.08.2024;53;2.354;18
09.08.2024;52;2.244;18.1
10.08.2024;52;2.148;18.4
11.08.2024;51;2.121;18.5
12.08.2024;52;2.155;18.6
13.08.2024;51;2.093;18.5
14.08.2024;51;2.073;17.9
15.08.2024;51;2.066;17.9
16.08.2024;51;2.073;18
17.08.2024;51;2.066;18.4
18.08.2024;51;2.046;17.8
19.08.2024;51;2.066;17.3
20.08.2024;51;2.107;17.8
21.08.2024;51;2.018;17.7
22.08.2024;50;1.902;17.8
23.08.2024;50;1.902;17.8
24.08.2024;50;1.902;18
25.08.2024;50;1.936;18.2
26.08.2024;50;1.909;18
27.08.2024;50;1.936;18.1
28.08.2024;51;2.059;18.1
29.08.2024;51;2.128;17.8
30.08.2024;51;2.093;17.7
31.08.2024;51;2.052;17.7
01.09.2024;50;1.95;17.8
02.09.2024;50;1.97;17.5
03.09.2024;50;1.964;16.9
04.09.2024;50;1.902;16.9
05.09.2024;51;2.046;16.4
06.09.2024;50;1.97;16.5
07.09.2024;50;1.909;16.9
08.09.2024;51;2.039;16.7
09.09.2024;78;8.046;16.3
10.09.2024;61;3.832;15.2
11.09.2024;56;2.819;15.2
12.09.2024;82;11.635;14.4
13.09.2024;85;10.777;12.9
14.09.2024;67;5.037;12.5
15.09.2024;61;3.859;12.7
16.09.2024;59;3.431;12.5
17.09.2024;58;3.277;12.8
18.09.2024;56;2.932;13.1
19.09.2024;55;2.783;13.7
20.09.2024;55;2.706;13.8
21.09.2024;54;2.567;14
22.09.2024;54;2.505;13.8
23.09.2024;52;2.298;13.9
24.09.2024;70;6.043;14.1
25.09.2024;82;9.513;13.4
26.09.2024;85;10.56;13.4
27.09.2024;134;58.471;13.6
28.09.2024;110;37.151;13
29.09.2024;93;24.374;11.8
30.09.2024;83;17.697;11.7
01.10.2024;77;14.546;11.9
02.10.2024;124;54.851;12.1
03.10.2024;131;55.012;13.7
04.10.2024;135;58.865;13.1
05.10.2024;110;37.096;12.3
06.10.2024;97;27.312;11
07.10.2024;89;21.556;11.3
08.10.2024;94;25.373;11.6
09.10.2024;143;66.335;12.9
10.10.2024;141;64.669;12.3
11.10.2024;132;56.531;11.5
12.10.2024;107;34.413;11.2
13.10.2024;96;26.252;11.4
14.10.2024;88;21.308;11.4
15.10.2024;84;18.451;11.8
16.10.2024;80;16.224;11.9
17.10.2024;80;16.197;11.5
18.10.2024;80;15.812;11.5
19.10.2024;79;15.791;11.6
20.10.2024;76;13.941;11.6
21.10.2024;74;12.646;11.2
22.10.2024;72;11.849;11.7
23.10.2024;71;11.181;11.9
24.10.2024;75;13.286;12
25.10.2024;73;12.363;11.9
26.10.2024;75;13.556;11.9
27.10.2024;77;14.452;12.3
28.10.2024;74;12.561;12.2
29.10.2024;71;11.367;11.9
30.10.2024;70;10.528;11.4
31.10.2024;68;9.777;11.4
01.11.2024;67;9.24;10.5
02.11.2024;66;8.773;10
03.11.2024;65;8.227;10.4
04.11.2024;64;7.89;8.9
05.11.2024;63;7.491;8.2
06.11.2024;62;7.184;8.2
07.11.2024;61;6.804;8
08.11.2024;61;6.657;7.7
09.11.2024;60;6.4;7.6
10.11.2024;59;6.102;7.4
11.11.2024;59;6.009;7.1
12.11.2024;58;5.721;6.8
13.11.2024;58;5.66;6.6
14.11.2024;57;5.395;7
15.11.2024;57;5.272;6.3
16.11.2024;57;5.192;6.4
17.11.2024;56;4.965;6.3
18.11.2024;56;4.965;7.6
19.11.2024;56;4.965;8.9
20.11.2024;74;13.355;9.2
21.11.2024;68;5.149;7.2
22.11.2024;72;6.062;6.6
23.11.2024;67;4.983;6.4
24.11.2024;64;4.297;6.6
25.11.2024;63;4.117;7.1
26.11.2024;64;4.337;8.2
27.11.2024;71;6.085;8.7
28.11.2024;71;6.012;8.8
29.11.2024;68;5.103;7.8
30.11.2024;65;4.514;7.4
01.12.2024;63;4.231;7.3
02.12.2024;62;4.006;7.5
03.12.2024;61;3.795;7.1
04.12.2024;60;3.611;7.6
05.12.2024;59;3.424;7
06.12.2024;58;3.313;6.5
07.12.2024;58;3.233;6
08.12.2024;58;3.161;6.8
09.12.2024;57;2.989;6.9
10.12.2024;56;2.896;7.1
11.12.2024;56;2.84;6.8
12.12.2024;55;2.748;7
13.12.2024;55;2.678;6.6
14.12.2024;54;2.567;6.8
15.12.2024;54;2.56;6.2
16.12.2024;54;2.512;6.3
17.12.2024;54;2.56;5.9
18.12.2024;54;2.56;6.4
19.12.2024;55;2.724;7.3
20.12.2024;89;12.895;7.3
21.12.2024;72;6.108;6.1
22.12.2024;67;4.966;5.8
23.12.2024;66;4.818;6.1
24.12.2024;63;4.135;5.6
25.12.2024;61;3.78;5.7
26.12.2024;60;3.589;5.4
27.12.2024;59;3.431;5.4
28.12.2024;59;3.416;5.4
29.12.2024;58;3.262;5.5
30.12.2024;58;3.218;5.4
31.12.2024;57;3.074;5.3
