ds,y
2023-01-01,85
2023-01-02,84
2023-01-03,83
2023-01-04,81
2023-01-05,81
2023-01-06,79
2023-01-07,78
2023-01-08,79
2023-01-09,126
2023-01-10,111
2023-01-11,100
2023-01-12,94
2023-01-13,91
2023-01-14,88
2023-01-15,87
2023-01-16,117
2023-01-17,109
2023-01-18,107
2023-01-19,102
2023-01-20,97
2023-01-21,93
2023-01-22,91
2023-01-23,92
2023-01-24,94
2023-01-25,91
2023-01-26,89
2023-01-27,87
2023-01-28,85
2023-01-29,83
2023-01-30,82
2023-01-31,80
2023-02-01,79
2023-02-02,79
2023-02-03,78
2023-02-04,78
2023-02-05,77
2023-02-06,76
2023-02-07,75
2023-02-08,74
2023-02-09,73
2023-02-10,73
2023-02-11,72
2023-02-12,72
2023-02-13,72
2023-02-14,72
2023-02-15,72
2023-02-16,73
2023-02-17,73
2023-02-18,74
2023-02-19,75
2023-02-20,74
2023-02-21,74
2023-02-22,74
2023-02-23,74
2023-02-24,73
2023-02-25,80
2023-02-26,79
2023-02-27,76
2023-02-28,74
2023-03-01,73
2023-03-02,72
2023-03-03,72
2023-03-04,71
2023-03-05,71
2023-03-06,71
2023-03-07,89
2023-03-08,85
2023-03-09,90
2023-03-10,91
2023-03-11,88
2023-03-12,84
2023-03-13,81
2023-03-14,89
2023-03-15,97
2023-03-16,89
2023-03-17,86
2023-03-18,84
2023-03-19,82
2023-03-20,80
2023-03-21,79
2023-03-22,78
2023-03-23,78
2023-03-24,77
2023-03-25,81
2023-03-26,82
2023-03-27,110
2023-03-28,94
2023-03-29,88
2023-03-30,86
2023-03-31,90
2023-04-01,110
2023-04-02,98
2023-04-03,92
2023-04-04,89
2023-04-05,86
2023-04-06,84
2023-04-07,82
2023-04-08,81
2023-04-09,80
2023-04-10,78
2023-04-11,77
2023-04-12,76
2023-04-13,98
2023-04-14,113
2023-04-15,104
2023-04-16,99
2023-04-17,94
2023-04-18,92
2023-04-19,89
2023-04-20,88
2023-04-21,86
2023-04-22,84
2023-04-23,83
2023-04-24,85
2023-04-25,87
2023-04-26,83
2023-04-27,82
2023-04-28,80
2023-04-29,79
2023-04-30,79
2023-05-01,78
2023-05-02,80
2023-05-03,79
2023-05-04,78
2023-05-05,77
2023-05-06,76
2023-05-07,76
2023-05-08,75
2023-05-09,74
2023-05-10,74
2023-05-11,84
2023-05-12,85
2023-05-13,85
2023-05-14,88
2023-05-15,97
2023-05-16,93
2023-05-17,92
2023-05-18,87
2023-05-19,84
2023-05-20,82
2023-05-21,80
2023-05-22,79
2023-05-23,77
2023-05-24,76
2023-05-25,75
2023-05-26,74
2023-05-27,73
2023-05-28,72
2023-05-29,72
2023-05-30,71
2023-05-31,70
2023-06-01,70
2023-06-02,70
2023-06-03,70
2023-06-04,70
2023-06-05,80
2023-06-06,98
2023-06-07,88
2023-06-08,82
2023-06-09,82
2023-06-10,82
2023-06-11,78
2023-06-12,77
2023-06-13,81
2023-06-14,78
2023-06-15,77
2023-06-16,76
2023-06-17,74
2023-06-18,73
2023-06-19,72
2023-06-20,71
2023-06-21,70
2023-06-22,70
2023-06-23,69
2023-06-24,69
2023-06-25,68
2023-06-26,68
2023-06-27,68
2023-06-28,69
2023-06-29,67
2023-06-30,67
2023-07-01,67
2023-07-02,67
2023-07-03,89
2023-07-04,117
2023-07-05,90
2023-07-06,83
2023-07-07,78
2023-07-08,76
2023-07-09,75
2023-07-10,73
2023-07-11,72
2023-07-12,74
2023-07-13,86
2023-07-14,88
2023-07-15,79
2023-07-16,75
2023-07-17,73
2023-07-18,73
2023-07-19,75
2023-07-20,73
2023-07-21,83
2023-07-22,82
2023-07-23,76
2023-07-24,74
2023-07-25,100
2023-07-26,101
2023-07-27,93
2023-07-28,86
2023-07-29,82
2023-07-30,103
2023-07-31,96
2023-08-01,93
2023-08-02,98
2023-08-03,94
2023-08-04,185
2023-08-05,153
2023-08-06,127
2023-08-07,116
2023-08-08,107
2023-08-09,101
2023-08-10,97
2023-08-11,93
2023-08-12,90
2023-08-13,88
2023-08-14,85
2023-08-15,83
2023-08-16,82
2023-08-17,81
2023-08-18,79
2023-08-19,78
2023-08-20,76
2023-08-21,75
2023-08-22,74
2023-08-23,73
2023-08-24,72
2023-08-25,72
2023-08-26,71
2023-08-27,70
2023-08-28,91
2023-08-29,92
2023-08-30,81
2023-08-31,77
2023-09-01,74
2023-09-02,72
2023-09-03,71
2023-09-04,70
2023-09-05,69
2023-09-06,68
2023-09-07,68
2023-09-08,67
2023-09-09,67
2023-09-10,66
2023-09-11,66
2023-09-12,65
2023-09-13,65
2023-09-14,67
2023-09-15,66
2023-09-16,64
2023-09-17,64
2023-09-18,64
2023-09-19,67
2023-09-20,65
2023-09-21,65
2023-09-22,88
2023-09-23,131
2023-09-24,97
2023-09-25,86
2023-09-26,80
2023-09-27,77
2023-09-28,75
2023-09-29,73
2023-09-30,72
2023-10-01,71
2023-10-02,70
2023-10-03,70
2023-10-04,69
2023-10-05,68
2023-10-06,67
2023-10-07,67
2023-10-08,66
2023-10-09,66
2023-10-10,65
2023-10-11,65
2023-10-12,65
2023-10-13,64
2023-10-14,64
2023-10-15,79
2023-10-16,71
2023-10-17,67
2023-10-18,66
2023-10-19,95
2023-10-20,125
2023-10-21,116
2023-10-22,101
2023-10-23,93
2023-10-24,103
2023-10-25,146
2023-10-26,113
2023-10-27,200
2023-10-28,157
2023-10-29,124
2023-10-30,133
2023-10-31,165
2023-11-01,134
2023-11-02,130
2023-11-03,161
2023-11-04,129
2023-11-05,152
2023-11-06,124
2023-11-07,112
2023-11-08,106
2023-11-09,101
2023-11-10,105
2023-11-11,103
2023-11-12,98
2023-11-13,95
2023-11-14,93
2023-11-15,92
2023-11-16,89
2023-11-17,88
2023-11-18,86
2023-11-19,84
2023-11-20,83
2023-11-21,82
2023-11-22,80
2023-11-23,79
2023-11-24,78
2023-11-25,77
2023-11-26,75
2023-11-27,74
2023-11-28,78
2023-11-29,75
2023-11-30,87
2023-12-01,164
2023-12-02,155
2023-12-03,126
2023-12-04,107
2023-12-05,100
2023-12-06,95
2023-12-07,91
2023-12-08,88
2023-12-09,86
2023-12-10,85
2023-12-11,83
2023-12-12,82
2023-12-13,114
2023-12-14,115
2023-12-15,99
2023-12-16,92
2023-12-17,88
2023-12-18,86
2023-12-19,84
2023-12-20,82
2023-12-21,81
2023-12-22,80
2023-12-23,78
2023-12-24,77
2023-12-25,76
2023-12-26,75
2023-12-27,74
2023-12-28,73
2023-12-29,73
2023-12-30,72
2023-12-31,73
2024-01-01,109
2024-01-02,91
2024-01-03,89
2024-01-04,86
2024-01-05,83
2024-01-06,109
2024-01-07,105
2024-01-08,94
2024-01-09,88
2024-01-10,84
2024-01-11,82
2024-01-12,80
2024-01-13,79
2024-01-14,77
2024-01-15,77
2024-01-16,75
2024-01-17,76
2024-01-18,113
2024-01-19,108
2024-01-20,97
2024-01-21,91
2024-01-22,87
2024-01-23,84
2024-01-24,82
2024-01-25,81
2024-01-26,80
2024-01-27,78
2024-01-28,77
2024-01-29,76
2024-01-30,75
2024-01-31,74
2024-02-01,73
2024-02-02,72
2024-02-03,72
2024-02-04,72
2024-02-05,71
2024-02-06,71
2024-02-07,71
2024-02-08,70
2024-02-09,95
2024-02-10,123
2024-02-11,110
2024-02-12,103
2024-02-13,93
2024-02-14,86
2024-02-15,81
2024-02-16,77
2024-02-17,74
2024-02-18,73
2024-02-19,72
2024-02-20,70
2024-02-21,69
2024-02-22,70
2024-02-23,117
2024-02-24,122
2024-02-25,100
2024-02-26,91
2024-02-27,87
2024-02-28,85
2024-02-29,82
2024-03-01,81
2024-03-02,80
2024-03-03,85
2024-03-04,83
2024-03-05,80
2024-03-06,82
2024-03-07,82
2024-03-08,81
2024-03-09,83
2024-03-10,90
2024-03-11,102
2024-03-12,91
2024-03-13,85
2024-03-14,81
2024-03-15,78
2024-03-16,76
2024-03-17,74
2024-03-18,72
2024-03-19,70
2024-03-20,69
2024-03-21,67
2024-03-22,66
2024-03-23,68
2024-03-24,75
2024-03-25,69
2024-03-26,67
2024-03-27,76
2024-03-28,111
2024-03-29,113
2024-03-30,95
2024-03-31,89
2024-04-01,105
2024-04-02,112
2024-04-03,98
2024-04-04,90
2024-04-05,86
2024-04-06,83
2024-04-07,80
2024-04-08,78
2024-04-09,76
2024-04-10,74
2024-04-11,72
2024-04-12,70
2024-04-13,69
2024-04-14,68
2024-04-15,68
2024-04-16,68
2024-04-17,67
2024-04-18,66
2024-04-19,64
2024-04-20,64
2024-04-21,63
2024-04-22,63
2024-04-23,66
2024-04-24,65
2024-04-25,64
2024-04-26,62
2024-04-27,62
2024-04-28,62
2024-04-29,63
2024-04-30,62
2024-05-01,62
2024-05-02,76
2024-05-03,75
2024-05-04,73
2024-05-05,68
2024-05-06,66
2024-05-07,66
2024-05-08,71
2024-05-09,69
2024-05-10,67
2024-05-11,65
2024-05-12,63
2024-05-13,62
2024-05-14,62
2024-05-15,61
2024-05-16,66
2024-05-17,105
2024-05-18,92
2024-05-19,81
2024-05-20,74
2024-05-21,78
2024-05-22,103
2024-05-23,90
2024-05-24,82
2024-05-25,78
2024-05-26,76
2024-05-27,73
2024-05-28,71
2024-05-29,70
2024-05-30,68
2024-05-31,81
2024-06-01,83
2024-06-02,76
2024-06-03,76
2024-06-04,73
2024-06-05,71
2024-06-06,69
2024-06-07,67
2024-06-08,66
2024-06-09,66
2024-06-10,66
2024-06-11,75
2024-06-12,78
2024-06-13,79
2024-06-14,74
2024-06-15,70
2024-06-16,68
2024-06-17,67
2024-06-18,65
2024-06-19,64
2024-06-20,63
2024-06-21,62
2024-06-22,62
2024-06-23,61
2024-06-24,60
2024-06-25,60
2024-06-26,59
2024-06-27,59
2024-06-28,59
2024-06-29,58
2024-06-30,58
2024-07-01,90
2024-07-02,88
2024-07-03,72
2024-07-04,68
2024-07-05,65
2024-07-06,63
2024-07-07,62
2024-07-08,61
2024-07-09,60
2024-07-10,59
2024-07-11,59
2024-07-12,58
2024-07-13,58
2024-07-14,57
2024-07-15,57
2024-07-16,56
2024-07-17,56
2024-07-18,56
2024-07-19,55
2024-07-20,56
2024-07-21,55
2024-07-22,55
2024-07-23,55
2024-07-24,55
2024-07-25,54
2024-07-26,54
2024-07-27,53
2024-07-28,53
2024-07-29,53
2024-07-30,53
2024-07-31,53
2024-08-01,54
2024-08-02,53
2024-08-03,52
2024-08-04,52
2024-08-05,52
2024-08-06,52
2024-08-07,52
2024-08-08,53
2024-08-09,52
2024-08-10,52
2024-08-11,51
2024-08-12,52
2024-08-13,51
2024-08-14,51
2024-08-15,51
2024-08-16,51
2024-08-17,51
2024-08-18,51
2024-08-19,51
2024-08-20,51
2024-08-21,51
2024-08-22,50
2024-08-23,50
2024-08-24,50
2024-08-25,50
2024-08-26,50
2024-08-27,50
2024-08-28,51
2024-08-29,51
2024-08-30,51
2024-08-31,51
2024-09-01,50
2024-09-02,50
2024-09-03,50
2024-09-04,50
2024-09-05,51
2024-09-06,50
2024-09-07,50
2024-09-08,51
2024-09-09,78
2024-09-10,61
2024-09-11,56
2024-09-12,82
2024-09-13,85
2024-09-14,67
2024-09-15,61
2024-09-16,59
2024-09-17,58
2024-09-18,56
2024-09-19,55
2024-09-20,55
2024-09-21,54
2024-09-22,54
2024-09-23,52
2024-09-24,70
2024-09-25,82
2024-09-26,85
2024-09-27,134
2024-09-28,110
2024-09-29,93
2024-09-30,83
2024-10-01,77
2024-10-02,124
2024-10-03,131
2024-10-04,135
2024-10-05,110
2024-10-06,97
2024-10-07,89
2024-10-08,94
2024-10-09,143
2024-10-10,141
2024-10-11,132
2024-10-12,107
2024-10-13,96
2024-10-14,88
2024-10-15,84
2024-10-16,80
2024-10-17,80
2024-10-18,80
2024-10-19,79
2024-10-20,76
2024-10-21,74
2024-10-22,72
2024-10-23,71
2024-10-24,75
2024-10-25,73
2024-10-26,75
2024-10-27,77
2024-10-28,74
2024-10-29,71
2024-10-30,70
2024-10-31,68
2024-11-01,67
2024-11-02,66
2024-11-03,65
2024-11-04,64
2024-11-05,63
2024-11-06,62
2024-11-07,61
2024-11-08,61
2024-11-09,60
2024-11-10,59
2024-11-11,59
2024-11-12,58
2024-11-13,58
2024-11-14,57
2024-11-15,57
2024-11-16,57
2024-11-17,56
2024-11-18,56
2024-11-19,56
2024-11-20,74
2024-11-21,68
2024-11-22,72
2024-11-23,67
2024-11-24,64
2024-11-25,63
2024-11-26,64
2024-11-27,71
2024-11-28,71
2024-11-29,68
2024-11-30,65
2024-12-01,63
2024-12-02,62
2024-12-03,61
2024-12-04,60
2024-12-05,59
2024-12-06,58
2024-12-07,58
2024-12-08,58
2024-12-09,57
2024-12-10,56
2024-12-11,56
2024-12-12,55
2024-12-13,55
2024-12-14,54
2024-12-15,54
2024-12-16,54
2024-12-17,54
2024-12-18,54
2024-12-19,55
2024-12-20,89
2024-12-21,72
2024-12-22,67
2024-12-23,66
2024-12-24,63
2024-12-25,61
2024-12-26,60
2024-12-27,59
2024-12-28,59
2024-12-29,58
2024-12-30,58
2024-12-31,57
